{"cameraMode":{"drawMode":0,"name":"Shaded","section":"Shading Mode"},"sceneLighting":false,"audioPlay":false,"sceneViewState":{"showFog":true,"showMaterialUpdate":false,"showSkybox":false,"showFlares":true,"showImageEffects":true,"showParticleSystems":true},"in2DMode":false,"pivot":{"x":0.4287751317024231,"y":-0.2631368637084961,"z":-0.9552311897277832},"rotation":{"x":0.608938992023468,"y":-0.035661354660987857,"z":0.02742074243724346,"w":0.791941225528717},"size":7.569285869598389,"orthographic":false}